numeric_part,alphabetic_part,footpath_side,transformer_issue_count,cost_estimate
1,A,R1-A,0,0.0
2,A,R2-A,0,0.0
3,A,R3-A,1,65000.0
3,B,R3-B,1,65000.0
4,A,R4-A,0,0.0
4,B,R4-B,0,0.0
5,A,R5-A,2,130000.0
5,B,R5-B,0,0.0
6,A,R6-A,0,0.0
6,B,R6-B,1,65000.0
7,A,R7-A,0,0.0
7,B,R7-B,0,0.0
8,A,R8-A,0,0.0
8,B,R8-B,1,65000.0
9,A,R9-A,0,0.0
9,B,R9-B,1,65000.0
10,A,R10-A,0,0.0
10,B,R10-B,0,0.0
11,A,R11-A,0,0.0
11,B,R11-B,2,130000.0
12,A,R12-A,0,0.0
13,A,R13-A,2,130000.0
